#,Game Name,Link
1,Ark Nova,https://boardgamearena.com/gamepanel?game=arknova
2,Terraforming Mars,https://boardgamearena.com/gamepanel?game=terraformingmars
3,Catan,https://boardgamearena.com/gamepanel?game=catan
4,Wingspan,https://boardgamearena.com/gamepanel?game=wingspan
5,Azul,https://boardgamearena.com/gamepanel?game=azul
6,Forest Shuffle,https://boardgamearena.com/gamepanel?game=forestshuffle
7,Ticket to Ride,https://boardgamearena.com/gamepanel?game=tickettoride
8,Carcassonne,https://boardgamearena.com/gamepanel?game=carcassonne
9,The Castles of Burgundy,https://boardgamearena.com/gamepanel?game=castlesofburgundy
10,Splendor,https://boardgamearena.com/gamepanel?game=splendor
11,Harmonies,https://boardgamearena.com/gamepanel?game=harmonies
12,Heat: Pedal to the Metal,https://boardgamearena.com/gamepanel?game=heat
13,Agricola,https://boardgamearena.com/gamepanel?game=agricola
14,7 Wonders Duel,https://boardgamearena.com/gamepanel?game=sevenwondersduel
15,Lost Ruins of Arnak,https://boardgamearena.com/gamepanel?game=arnak
16,Space Base,https://boardgamearena.com/gamepanel?game=spacebase
17,Sea Salt & Paper,https://boardgamearena.com/gamepanel?game=seasaltpaper
18,It's a Wonderful World,https://boardgamearena.com/gamepanel?game=itsawonderfulworld
19,6 Nimmt!,https://boardgamearena.com/gamepanel?game=sechsnimmt
20,Flip Seven,https://boardgamearena.com/gamepanel?game=flipseven
21,Hanabi,https://boardgamearena.com/gamepanel?game=hanabi
22,Ticket to Ride: Europe,https://boardgamearena.com/gamepanel?game=tickettorideeurope
23,Can't Stop,https://boardgamearena.com/gamepanel?game=cantstop
24,Castle Combo,https://boardgamearena.com/gamepanel?game=castlecombo
25,Tipperary,https://boardgamearena.com/gamepanel?game=tipperary
26,Yahtzee,https://boardgamearena.com/gamepanel?game=yatzy
27,The White Castle,https://boardgamearena.com/gamepanel?game=thewhitecastle
28,7 Wonders,https://boardgamearena.com/gamepanel?game=sevenwonders
29,King of Tokyo,https://boardgamearena.com/gamepanel?game=kingoftokyo
30,Dozito,https://boardgamearena.com/gamepanel?game=dozito
31,Cartographers,https://boardgamearena.com/gamepanel?game=cartographers
32,Kingdomino,https://boardgamearena.com/gamepanel?game=kingdomino
33,Lucky Numbers,https://boardgamearena.com/gamepanel?game=luckynumbers
34,Skull King,https://boardgamearena.com/gamepanel?game=skullking
35,Patchwork,https://boardgamearena.com/gamepanel?game=patchwork
36,Gizmos,https://boardgamearena.com/gamepanel?game=gizmos
37,Terra Mystica,https://boardgamearena.com/gamepanel?game=terramystica
38,Lost Cities,https://boardgamearena.com/gamepanel?game=lostcities
39,Faraway,https://boardgamearena.com/gamepanel?game=faraway
40,Galactic Cruise,https://boardgamearena.com/gamepanel?game=galacticcruise
41,Hearts,https://boardgamearena.com/gamepanel?game=hearts
42,Splendor Duel,https://boardgamearena.com/gamepanel?game=splendorduel
43,Texas Hold'em,https://boardgamearena.com/gamepanel?game=texasholdem
44,Rummy,https://boardgamearena.com/gamepanel?game=rummy
45,Great Western Trail,https://boardgamearena.com/gamepanel?game=greatwesterntrail
46,Welcome To...,https://boardgamearena.com/gamepanel?game=welcometo
47,Formula D,https://boardgamearena.com/gamepanel?game=formulad
48,Toy Battle,https://boardgamearena.com/gamepanel?game=toybattle
49,Gaia Project,https://boardgamearena.com/gamepanel?game=gaiaproject
50,Forest Shuffle: Dartmoor,https://boardgamearena.com/gamepanel?game=forestshuffledartmoor
51,Super Mega Lucky Box,https://boardgamearena.com/gamepanel?game=supermegaluckybox
52,Race for the Galaxy,https://boardgamearena.com/gamepanel?game=raceforthegalaxy
53,Potion Explosion,https://boardgamearena.com/gamepanel?game=potionexplosion
54,Stone Age,https://boardgamearena.com/gamepanel?game=stoneage
55,Zenith,https://boardgamearena.com/gamepanel?game=zenith
56,Ticket to Ride: Maps,https://boardgamearena.com/gamepanel?game=tickettoridemaps
57,"Hey, That's My Fish!",https://boardgamearena.com/gamepanel?game=heythatsmyfish
58,A Feast for Odin,https://boardgamearena.com/gamepanel?game=feastforodin
59,Hand and Foot,https://boardgamearena.com/gamepanel?game=handandfoot
60,7 Wonders Architects,https://boardgamearena.com/gamepanel?game=sevenwondersarchitects
61,Pandemic,https://boardgamearena.com/gamepanel?game=pandemic
62,Age of Innovation,https://boardgamearena.com/gamepanel?game=ageofinnovation
63,Pili Pili,https://boardgamearena.com/gamepanel?game=pilipili
64,Viticulture,https://boardgamearena.com/gamepanel?game=viticulture
65,Memoir '44,https://boardgamearena.com/gamepanel?game=memoir
66,Concordia,https://boardgamearena.com/gamepanel?game=concordia
67,Backgammon,https://boardgamearena.com/gamepanel?game=backgammon
68,Sky Team,https://boardgamearena.com/gamepanel?game=skyteam
69,BANG!,https://boardgamearena.com/gamepanel?game=bang
70,Earth,https://boardgamearena.com/gamepanel?game=earth
71,Tapestry,https://boardgamearena.com/gamepanel?game=tapestry
72,Darwin's Journey,https://boardgamearena.com/gamepanel?game=darwinsjourney
73,Kingdom Builder,https://boardgamearena.com/gamepanel?game=kingdombuilder
74,Azul: Summer Pavilion,https://boardgamearena.com/gamepanel?game=azulsummerpavilion
75,Puerto Rico,https://boardgamearena.com/gamepanel?game=puertorico
76,Challengers!,https://boardgamearena.com/gamepanel?game=challengers
77,Wizard,https://boardgamearena.com/gamepanel?game=wizard
78,CuBirds,https://boardgamearena.com/gamepanel?game=cubirds
79,Spite and Malice,https://boardgamearena.com/gamepanel?game=spiteandmalice
80,French Tarot,https://boardgamearena.com/gamepanel?game=frenchtarot
81,Watergate,https://boardgamearena.com/gamepanel?game=watergate
82,Flowers,https://boardgamearena.com/gamepanel?game=flowers
83,Linie 1 (Streetcar),https://boardgamearena.com/gamepanel?game=streetcar
84,7 Wonders Dice,https://boardgamearena.com/gamepanel?game=sevenwondersdice
85,Altered,https://boardgamearena.com/gamepanel?game=altered
86,Skara Brae,https://boardgamearena.com/gamepanel?game=skarabrae
87,Chakra,https://boardgamearena.com/gamepanel?game=chakra
88,Captain Flip,https://boardgamearena.com/gamepanel?game=captainflip
89,Planet Unknown,https://boardgamearena.com/gamepanel?game=planetunknown
90,Tacta,https://boardgamearena.com/gamepanel?game=tacta
91,Orléans,https://boardgamearena.com/gamepanel?game=orleans
92,Railroad Ink,https://boardgamearena.com/gamepanel?game=railroadink
93,Res Arcana,https://boardgamearena.com/gamepanel?game=resarcana
94,Innovation,https://boardgamearena.com/gamepanel?game=innovation
95,Welcome to the Moon,https://boardgamearena.com/gamepanel?game=welcometothemoon
96,Solstis,https://boardgamearena.com/gamepanel?game=solstis
97,Love Letter,https://boardgamearena.com/gamepanel?game=loveletter
98,Obsession,https://boardgamearena.com/gamepanel?game=obsession
99,Castles of Mad King Ludwig,https://boardgamearena.com/gamepanel?game=castleofmadkingludwig
100,Papayoo,https://boardgamearena.com/gamepanel?game=papayoo